{"osm_matched_count": 9565, "osm_matched_count_pct": 56.41071007313045, "ref_matched_count": 9859, "ref_matched_count_pct": 84.96940446436267, "osm_matched_length": 95518.57295630159, "osm_matched_length_pct": 56.52587448560262, "ref_matched_length": 98278.45467300016, "ref_matched_length_pct": 84.93141966581796, "protection_level_identical": 934, "protection_level_differs": 8925, "osm_pct_matched_local_min": 6.666666666666667, "osm_pct_matched_local_max": 100.0, "osm_pct_matched_local_mean": 90.35490002221157, "ref_pct_matched_local_min": 3.3333333333333335, "ref_pct_matched_local_max": 100.0, "ref_pct_matched_local_mean": 95.84007852919044}