{"network_density": {"edge_density_m_sqkm": 605.9037646628435, "node_density_count_sqkm": 0.4916977232540344, "dangling_node_density_count_sqkm": 0.44877173154138056, "protected_density_m_sqkm": 414.80651170860415, "unprotected_density_m_sqkm": 191.0972529542395, "mixed_density_m_sqkm": 0}, "count_overshoots": 0, "count_undershoots": 8, "dangling_node_count": 115, "simplification_outcome": {"edge_percent_diff": 92.20636663007684, "node_percent_diff": 86.95652173913044}, "component_analysis": {"component_count": 57, "largest_cc_pct_size": 7.75972645588872, "largest_cc_length": 6024.103361705175, "count_component_gaps": 15}}