{"existing_tags": {"surface": {"count": 2739, "length": 69332.27411807522, "count_pct": 54.31290898274837, "length_pct": 47.282749038574714}, "width": {"count": 284, "length": 5053.120150127871, "count_pct": 5.6315685108070594, "length_pct": 3.4460922414482327}, "speedlimit": {"count": 975, "length": 31900.457078745716, "count_pct": 19.33372992266508, "length_pct": 21.755255044734312}, "lit": {"count": 2967, "length": 80887.986562074, "count_pct": 58.83402736466389, "length_pct": 55.16343459810239}}, "incompatible_tags_results": {"bicycle_infrastructure/bicycle": []}, "incompatible_tags_count": 0, "network_density": {"edge_density_m_sqkm": 413.5160706711825, "node_density_count_sqkm": 1.4399719038153864, "dangling_node_density_count_sqkm": 0.5424284407326252, "protected_density_m_sqkm": 205.98745099610187, "unprotected_density_m_sqkm": 202.9000152293158, "mixed_density_m_sqkm": 4.628604445764769}, "count_intersection_issues": 0.0, "count_overshoots": 1, "count_undershoots": 0, "dangling_node_count": 139, "simplification_outcome": {"edge_percent_diff": 93.6545706920484, "node_percent_diff": 88.54393045638001}, "component_analysis": {"component_count": 61, "largest_cc_pct_size": 9.293274150574746, "largest_cc_length": 8690.009909524904, "count_component_gaps": 13}}