{"osm_matched_count": 6704, "osm_matched_count_pct": 71.19796091758708, "ref_matched_count": 7437, "ref_matched_count_pct": 95.70196885857676, "osm_matched_length": 66859.96955549478, "osm_matched_length_pct": 71.50141751820674, "ref_matched_length": 74302.22004837188, "ref_matched_length_pct": 95.70966300243141, "protection_level_identical": 5768, "protection_level_differs": 1669, "osm_pct_matched_local_min": 8.0, "osm_pct_matched_local_max": 100.0, "osm_pct_matched_local_mean": 91.85441756978622, "ref_pct_matched_local_min": 3.8461538461538463, "ref_pct_matched_local_max": 100.0, "ref_pct_matched_local_mean": 97.61756667045874}