{"network_density": {"edge_density_m_sqkm": 733.2942677663945, "node_density_count_sqkm": 1.0555174834088379, "dangling_node_density_count_sqkm": 0.5905871633358973, "protected_density_m_sqkm": 434.7261324538877, "unprotected_density_m_sqkm": 298.5681353125066, "mixed_density_m_sqkm": 0}, "count_overshoots": 1, "count_undershoots": 19, "dangling_node_count": 94, "simplification_outcome": {"edge_percent_diff": 86.16144975288303, "node_percent_diff": 86.16144975288303}, "component_analysis": {"component_count": 25, "largest_cc_pct_size": 74.00595026505026, "largest_cc_length": 85636.03972798378, "count_component_gaps": 18}}