{"osm_matched_count": 62495, "osm_matched_count_pct": 84.64257659073056, "ref_matched_count": 74048, "ref_matched_count_pct": 50.35908596300327, "osm_matched_length": 620507.2126326774, "osm_matched_length_pct": 84.99759325574188, "ref_matched_length": 722010.4182999071, "ref_matched_length_pct": 50.025002412756756, "protection_level_identical": 69289, "protection_level_differs": 4759, "osm_pct_matched_local_min": 3.3333333333333335, "osm_pct_matched_local_max": 100.0, "osm_pct_matched_local_mean": 89.45429009208226, "ref_pct_matched_local_min": 0.847457627118644, "ref_pct_matched_local_max": 100.0, "ref_pct_matched_local_mean": 69.25533992603005}