{"existing_tags": {"surface": {"count": 1109, "length": 41973.681218363636, "count_pct": 31.380871533672895, "length_pct": 22.473498739292747}, "width": {"count": 0, "length": 0, "count_pct": 0.0, "length_pct": 0.0}, "speedlimit": {"count": 2461, "length": 146583.45390393076, "count_pct": 69.63780418788907, "length_pct": 78.48353946782063}, "lit": {"count": 2862, "length": 151135.36451550177, "count_pct": 80.98471986417657, "length_pct": 80.92071806214796}}, "incompatible_tags_results": {"bicycle_infrastructure/bicycle": []}, "incompatible_tags_count": 0, "network_density": {"edge_density_m_sqkm": 1102.5814156425295, "node_density_count_sqkm": 2.148732019796563, "dangling_node_density_count_sqkm": 0.8984464293301417, "protected_density_m_sqkm": 373.3764407651268, "unprotected_density_m_sqkm": 726.1667372151653, "mixed_density_m_sqkm": 3.0382376622371816}, "count_overshoots": 1, "count_undershoots": 0, "dangling_node_count": 143, "simplification_outcome": {"edge_percent_diff": 89.86983588002263, "node_percent_diff": 88.63031914893617}, "component_analysis": {"component_count": 43, "largest_cc_pct_size": 61.48277607489536, "largest_cc_length": 103894.84613036216, "count_component_gaps": 13}}