{"existing_tags": {"surface": {"count": 34535, "length": 752410.0313093713, "count_pct": 69.22090156541259, "length_pct": 60.65218693730725}, "width": {"count": 2594, "length": 45788.21891872015, "count_pct": 5.199334549317512, "length_pct": 3.691013540252322}, "speedlimit": {"count": 11095, "length": 307772.1836113052, "count_pct": 22.23847988615181, "length_pct": 24.809685195200075}, "lit": {"count": 38242, "length": 922396.0968499721, "count_pct": 76.65109939668477, "length_pct": 74.35485728310792}}, "incompatible_tags_results": {"bicycle_infrastructure/bicycle": []}, "incompatible_tags_count": 0, "network_density": {"edge_density_m_sqkm": 2193.949427849397, "node_density_count_sqkm": 11.66316165366287, "dangling_node_density_count_sqkm": 5.956991167193402, "protected_density_m_sqkm": 1275.1208373041613, "unprotected_density_m_sqkm": 907.4793519320106, "mixed_density_m_sqkm": 11.069967893502671}, "count_intersection_issues": 2.0, "count_overshoots": 9, "count_undershoots": 21, "dangling_node_count": 2470, "simplification_outcome": {"edge_percent_diff": 90.53336273075304, "node_percent_diff": 83.60677966101694}, "component_analysis": {"component_count": 677, "largest_cc_pct_size": 47.503357580587576, "largest_cc_length": 346788.3603990463, "count_component_gaps": 145}}