{"network_density": {"edge_density_m_sqkm": 5214.179489777655, "node_density_count_sqkm": 28.019564121640865, "dangling_node_density_count_sqkm": 10.102767611082252, "protected_density_m_sqkm": 3743.137834140646, "unprotected_density_m_sqkm": 1471.0416556370092, "mixed_density_m_sqkm": 0}, "count_overshoots": 186, "count_undershoots": 864, "dangling_node_count": 4189, "simplification_outcome": {"edge_percent_diff": 83.18971192813565, "node_percent_diff": 83.03148916282059}, "component_analysis": {"component_count": 952, "largest_cc_pct_size": 49.995954917617155, "largest_cc_length": 721591.1760589323, "count_component_gaps": 985}}