{"existing_tags": {"surface": {"count": 6644, "length": 150648.9900367593, "count_pct": 78.35829696898219, "length_pct": 75.6247874562909}, "width": {"count": 869, "length": 9988.374490746006, "count_pct": 10.24885010024767, "length_pct": 5.014097324596666}, "speedlimit": {"count": 383, "length": 8758.79085178225, "count_pct": 4.517042104021701, "length_pct": 4.396854544982429}, "lit": {"count": 5482, "length": 142097.77520195197, "count_pct": 64.65385068993984, "length_pct": 71.33213468631486}}, "incompatible_tags_results": {"bicycle_infrastructure/bicycle": []}, "incompatible_tags_count": 0, "network_density": {"edge_density_m_sqkm": 289.2814917794287, "node_density_count_sqkm": 1.1580264346996756, "dangling_node_density_count_sqkm": 0.24447224732548706, "protected_density_m_sqkm": 236.43931416344643, "unprotected_density_m_sqkm": 38.28909959523891, "mixed_density_m_sqkm": 14.553078020743373}, "count_overshoots": 2, "count_undershoots": 2, "dangling_node_count": 95, "simplification_outcome": {"edge_percent_diff": 94.12666588041041, "node_percent_diff": 90.22801302931596}, "component_analysis": {"component_count": 24, "largest_cc_pct_size": 77.39681274797951, "largest_cc_length": 84570.94976214935, "count_component_gaps": 7}}