edge_id,length (m)
214,1.3080795903572555
484,0.581156735859568
